-8,-5,WXgt7nRZ9hn+8aHQnugVJkhE2i8=,o6yOCUozGNXQ4U88CMAkkV6l0ig=
-8,-4,WXgt7nRZ9hn+8aHQnugVJkhE2i8=,OPDfoQT6uzqvXB60VZi6t6PQIeQ=
-9,-4,WXgt7nRZ9hn+8aHQnugVJkhE2i8=,v0hjDfFZCmH96tVT1Th4rTwkrsk=
-9,-5,WXgt7nRZ9hn+8aHQnugVJkhE2i8=,7D87U+j3mIYaCbD0E3LAvXIMcd4=
-9,-2,WXgt7nRZ9hn+8aHQnugVJkhE2i8=,7D87U+j3mIYaCbD0E3LAvXIMcd4=
-9,-3,WXgt7nRZ9hn+8aHQnugVJkhE2i8=,v0hjDfFZCmH96tVT1Th4rTwkrsk=
-8,-2,WXgt7nRZ9hn+8aHQnugVJkhE2i8=,12Sny6RlYIJBCz+0O//z4HmdAfw=
-8,-3,WXgt7nRZ9hn+8aHQnugVJkhE2i8=,OPDfoQT6uzqvXB60VZi6t6PQIeQ=
-7,-3,qRTtkmj9KSJ87ZjZIk5AzWXuDvk=,OPDfoQT6uzqvXB60VZi6t6PQIeQ=
-6,-3,qRTtkmj9KSJ87ZjZIk5AzWXuDvk=,aN96zYALSsSbC56Aita6WAjy7tY=
-7,-2,qRTtkmj9KSJ87ZjZIk5AzWXuDvk=,12Sny6RlYIJBCz+0O//z4HmdAfw=
-6,-2,qRTtkmj9KSJ87ZjZIk5AzWXuDvk=,yJbW74TZNtjN2IpKMF5tzU1LG74=
-7,-4,qRTtkmj9KSJ87ZjZIk5AzWXuDvk=,OPDfoQT6uzqvXB60VZi6t6PQIeQ=
-7,-5,qRTtkmj9KSJ87ZjZIk5AzWXuDvk=,o6yOCUozGNXQ4U88CMAkkV6l0ig=
-6,-4,qRTtkmj9KSJ87ZjZIk5AzWXuDvk=,aN96zYALSsSbC56Aita6WAjy7tY=
-6,-5,qRTtkmj9KSJ87ZjZIk5AzWXuDvk=,IETTUptgAel9X+siJpiG0DGXLkA=
-5,-4,qRTtkmj9KSJ87ZjZIk5AzWXuDvk=,aN96zYALSsSbC56Aita6WAjy7tY=
-5,-5,qRTtkmj9KSJ87ZjZIk5AzWXuDvk=,IETTUptgAel9X+siJpiG0DGXLkA=
-4,-4,rPW/VXr1jNC4CFNhdpokDO0J9Rg=,uBiM9E8sEVdTGmmFROYpZsSyuiM=
-4,-5,rPW/VXr1jNC4CFNhdpokDO0J9Rg=,vlKKnuhvIrOAVoDEG7J7D2xd74Y=
-5,-9,rPW/VXr1jNC4CFNhdpokDO0J9Rg=,dcXzyARb7buRtPJ2spO8Te6uDGM=
-5,-8,rPW/VXr1jNC4CFNhdpokDO0J9Rg=,dcXzyARb7buRtPJ2spO8Te6uDGM=
-5,-6,rPW/VXr1jNC4CFNhdpokDO0J9Rg=,IETTUptgAel9X+siJpiG0DGXLkA=
-4,-6,rPW/VXr1jNC4CFNhdpokDO0J9Rg=,vlKKnuhvIrOAVoDEG7J7D2xd74Y=
-4,-7,rPW/VXr1jNC4CFNhdpokDO0J9Rg=,dcXzyARb7buRtPJ2spO8Te6uDGM=
-4,-9,rPW/VXr1jNC4CFNhdpokDO0J9Rg=,dcXzyARb7buRtPJ2spO8Te6uDGM=
-4,-8,rPW/VXr1jNC4CFNhdpokDO0J9Rg=,dcXzyARb7buRtPJ2spO8Te6uDGM=
-5,-7,rPW/VXr1jNC4CFNhdpokDO0J9Rg=,dcXzyARb7buRtPJ2spO8Te6uDGM=
-7,-11,rPW/VXr1jNC4CFNhdpokDO0J9Rg=,V/zY1+0dmdYEZpYdGDGZXmT48ds=
-7,-10,rPW/VXr1jNC4CFNhdpokDO0J9Rg=,V/zY1+0dmdYEZpYdGDGZXmT48ds=
-6,-11,rPW/VXr1jNC4CFNhdpokDO0J9Rg=,dcXzyARb7buRtPJ2spO8Te6uDGM=
-6,-10,rPW/VXr1jNC4CFNhdpokDO0J9Rg=,dcXzyARb7buRtPJ2spO8Te6uDGM=
-5,-11,W2bk85AEBpQqZ+UwsewA5q8Mjyg=,dcXzyARb7buRtPJ2spO8Te6uDGM=
-5,-10,W2bk85AEBpQqZ+UwsewA5q8Mjyg=,dcXzyARb7buRtPJ2spO8Te6uDGM=
-4,-11,W2bk85AEBpQqZ+UwsewA5q8Mjyg=,dcXzyARb7buRtPJ2spO8Te6uDGM=
-8,-10,W2bk85AEBpQqZ+UwsewA5q8Mjyg=,V/zY1+0dmdYEZpYdGDGZXmT48ds=
-8,-11,W2bk85AEBpQqZ+UwsewA5q8Mjyg=,V/zY1+0dmdYEZpYdGDGZXmT48ds=
-9,-11,W2bk85AEBpQqZ+UwsewA5q8Mjyg=,V/zY1+0dmdYEZpYdGDGZXmT48ds=
-4,-10,W2bk85AEBpQqZ+UwsewA5q8Mjyg=,dcXzyARb7buRtPJ2spO8Te6uDGM=
-9,-10,W2bk85AEBpQqZ+UwsewA5q8Mjyg=,V/zY1+0dmdYEZpYdGDGZXmT48ds=
-8,-13,W2bk85AEBpQqZ+UwsewA5q8Mjyg=,V/zY1+0dmdYEZpYdGDGZXmT48ds=
-9,-12,W2bk85AEBpQqZ+UwsewA5q8Mjyg=,V/zY1+0dmdYEZpYdGDGZXmT48ds=
-8,-12,W2bk85AEBpQqZ+UwsewA5q8Mjyg=,V/zY1+0dmdYEZpYdGDGZXmT48ds=
-9,-13,W2bk85AEBpQqZ+UwsewA5q8Mjyg=,V/zY1+0dmdYEZpYdGDGZXmT48ds=
-6,-12,W2bk85AEBpQqZ+UwsewA5q8Mjyg=,dcXzyARb7buRtPJ2spO8Te6uDGM=
-7,-13,W2bk85AEBpQqZ+UwsewA5q8Mjyg=,V/zY1+0dmdYEZpYdGDGZXmT48ds=
-7,-12,W2bk85AEBpQqZ+UwsewA5q8Mjyg=,V/zY1+0dmdYEZpYdGDGZXmT48ds=
-6,-13,W2bk85AEBpQqZ+UwsewA5q8Mjyg=,uekYkdG6DXVJMZunjjGQmOQ+z3U=
-8,-15,x50q5tWTwpHWEweRIv/91FsWaug=,V/zY1+0dmdYEZpYdGDGZXmT48ds=
-8,-14,x50q5tWTwpHWEweRIv/91FsWaug=,V/zY1+0dmdYEZpYdGDGZXmT48ds=
-9,-14,x50q5tWTwpHWEweRIv/91FsWaug=,V/zY1+0dmdYEZpYdGDGZXmT48ds=
-9,-15,x50q5tWTwpHWEweRIv/91FsWaug=,V/zY1+0dmdYEZpYdGDGZXmT48ds=
-6,-15,x50q5tWTwpHWEweRIv/91FsWaug=,o6yOCUozGNXQ4U88CMAkkV6l0ig=
-7,-15,x50q5tWTwpHWEweRIv/91FsWaug=,V/zY1+0dmdYEZpYdGDGZXmT48ds=
-6,-14,x50q5tWTwpHWEweRIv/91FsWaug=,uekYkdG6DXVJMZunjjGQmOQ+z3U=
-7,-14,x50q5tWTwpHWEweRIv/91FsWaug=,V/zY1+0dmdYEZpYdGDGZXmT48ds=
-5,-13,x50q5tWTwpHWEweRIv/91FsWaug=,uekYkdG6DXVJMZunjjGQmOQ+z3U=
-5,-12,x50q5tWTwpHWEweRIv/91FsWaug=,dcXzyARb7buRtPJ2spO8Te6uDGM=
-4,-12,x50q5tWTwpHWEweRIv/91FsWaug=,dcXzyARb7buRtPJ2spO8Te6uDGM=
-4,-13,x50q5tWTwpHWEweRIv/91FsWaug=,dcXzyARb7buRtPJ2spO8Te6uDGM=
-5,-14,x50q5tWTwpHWEweRIv/91FsWaug=,uekYkdG6DXVJMZunjjGQmOQ+z3U=
-5,-15,WpvinPMh3+JewhcyaI6u8v4VfQM=,o6yOCUozGNXQ4U88CMAkkV6l0ig=
-4,-15,WpvinPMh3+JewhcyaI6u8v4VfQM=,o6yOCUozGNXQ4U88CMAkkV6l0ig=
-4,-14,WpvinPMh3+JewhcyaI6u8v4VfQM=,dcXzyARb7buRtPJ2spO8Te6uDGM=
-2,-15,WpvinPMh3+JewhcyaI6u8v4VfQM=,o6yOCUozGNXQ4U88CMAkkV6l0ig=
-3,-15,WpvinPMh3+JewhcyaI6u8v4VfQM=,o6yOCUozGNXQ4U88CMAkkV6l0ig=
-3,-14,WpvinPMh3+JewhcyaI6u8v4VfQM=,dcXzyARb7buRtPJ2spO8Te6uDGM=
-2,-14,WpvinPMh3+JewhcyaI6u8v4VfQM=,upUkoUrqHxtXk3xgADlrqB74xsQ=
-3,-13,G1meqYXSDsynUvQj3O5Qn5DUbWc=,dcXzyARb7buRtPJ2spO8Te6uDGM=
-2,-13,G1meqYXSDsynUvQj3O5Qn5DUbWc=,upUkoUrqHxtXk3xgADlrqB74xsQ=
-2,-12,G1meqYXSDsynUvQj3O5Qn5DUbWc=,upUkoUrqHxtXk3xgADlrqB74xsQ=
-3,-12,G1meqYXSDsynUvQj3O5Qn5DUbWc=,dcXzyARb7buRtPJ2spO8Te6uDGM=
-2,-10,G1meqYXSDsynUvQj3O5Qn5DUbWc=,upUkoUrqHxtXk3xgADlrqB74xsQ=
-3,-10,G1meqYXSDsynUvQj3O5Qn5DUbWc=,dcXzyARb7buRtPJ2spO8Te6uDGM=
-3,-9,G1meqYXSDsynUvQj3O5Qn5DUbWc=,dcXzyARb7buRtPJ2spO8Te6uDGM=
-3,-8,G1meqYXSDsynUvQj3O5Qn5DUbWc=,dcXzyARb7buRtPJ2spO8Te6uDGM=
-3,-11,G1meqYXSDsynUvQj3O5Qn5DUbWc=,dcXzyARb7buRtPJ2spO8Te6uDGM=
-2,-9,G1meqYXSDsynUvQj3O5Qn5DUbWc=,upUkoUrqHxtXk3xgADlrqB74xsQ=
-2,-11,G1meqYXSDsynUvQj3O5Qn5DUbWc=,upUkoUrqHxtXk3xgADlrqB74xsQ=
-2,-8,G1meqYXSDsynUvQj3O5Qn5DUbWc=,miYGCD8UJAnFmi12M8FRKh81M2k=
-2,-7,WjzqkNsUbHaavHj94mD3vdXwqgo=,miYGCD8UJAnFmi12M8FRKh81M2k=
-3,-7,WjzqkNsUbHaavHj94mD3vdXwqgo=,dcXzyARb7buRtPJ2spO8Te6uDGM=
-3,-6,WjzqkNsUbHaavHj94mD3vdXwqgo=,vlKKnuhvIrOAVoDEG7J7D2xd74Y=
-3,-4,WjzqkNsUbHaavHj94mD3vdXwqgo=,uBiM9E8sEVdTGmmFROYpZsSyuiM=
-2,-6,WjzqkNsUbHaavHj94mD3vdXwqgo=,y72Owzk2AkuwgbaGUtqPnYNga1w=
-3,-5,WjzqkNsUbHaavHj94mD3vdXwqgo=,vlKKnuhvIrOAVoDEG7J7D2xd74Y=
-2,-5,+TABel0AZM5/iBJPDJfHm9SkWKI=,y72Owzk2AkuwgbaGUtqPnYNga1w=
-2,-2,+TABel0AZM5/iBJPDJfHm9SkWKI=,ymo41TWxRo5yE2XurQ8WeR52lrc=
-2,-4,+TABel0AZM5/iBJPDJfHm9SkWKI=,ymo41TWxRo5yE2XurQ8WeR52lrc=
-9,-1,+TABel0AZM5/iBJPDJfHm9SkWKI=,7D87U+j3mIYaCbD0E3LAvXIMcd4=
-8,-1,+TABel0AZM5/iBJPDJfHm9SkWKI=,12Sny6RlYIJBCz+0O//z4HmdAfw=
-2,-3,+TABel0AZM5/iBJPDJfHm9SkWKI=,ymo41TWxRo5yE2XurQ8WeR52lrc=
-6,-1,+TABel0AZM5/iBJPDJfHm9SkWKI=,yJbW74TZNtjN2IpKMF5tzU1LG74=
-7,-1,+TABel0AZM5/iBJPDJfHm9SkWKI=,12Sny6RlYIJBCz+0O//z4HmdAfw=
-4,-2,+TABel0AZM5/iBJPDJfHm9SkWKI=,rZJz7/BVrT4h7gQEUW4U1M3xnfc=
-5,-3,+TABel0AZM5/iBJPDJfHm9SkWKI=,aN96zYALSsSbC56Aita6WAjy7tY=
-4,-3,+TABel0AZM5/iBJPDJfHm9SkWKI=,uBiM9E8sEVdTGmmFROYpZsSyuiM=
-5,-2,+TABel0AZM5/iBJPDJfHm9SkWKI=,yJbW74TZNtjN2IpKMF5tzU1LG74=
-5,-1,+TABel0AZM5/iBJPDJfHm9SkWKI=,yJbW74TZNtjN2IpKMF5tzU1LG74=
-4,-1,+TABel0AZM5/iBJPDJfHm9SkWKI=,rZJz7/BVrT4h7gQEUW4U1M3xnfc=
-3,-2,+TABel0AZM5/iBJPDJfHm9SkWKI=,rZJz7/BVrT4h7gQEUW4U1M3xnfc=
-3,-3,+TABel0AZM5/iBJPDJfHm9SkWKI=,uBiM9E8sEVdTGmmFROYpZsSyuiM=
-10,-2,+TABel0AZM5/iBJPDJfHm9SkWKI=,7D87U+j3mIYaCbD0E3LAvXIMcd4=
-10,-5,+TABel0AZM5/iBJPDJfHm9SkWKI=,7D87U+j3mIYaCbD0E3LAvXIMcd4=
-11,-5,+TABel0AZM5/iBJPDJfHm9SkWKI=,5T60XlozfUXW/x/EmOn+WMwuCYE=
-11,-2,+TABel0AZM5/iBJPDJfHm9SkWKI=,5T60XlozfUXW/x/EmOn+WMwuCYE=
-11,-3,+TABel0AZM5/iBJPDJfHm9SkWKI=,5T60XlozfUXW/x/EmOn+WMwuCYE=
-10,-3,+TABel0AZM5/iBJPDJfHm9SkWKI=,v0hjDfFZCmH96tVT1Th4rTwkrsk=
-10,-4,+TABel0AZM5/iBJPDJfHm9SkWKI=,v0hjDfFZCmH96tVT1Th4rTwkrsk=
-11,-4,+TABel0AZM5/iBJPDJfHm9SkWKI=,5T60XlozfUXW/x/EmOn+WMwuCYE=
-12,-2,+TABel0AZM5/iBJPDJfHm9SkWKI=,5T60XlozfUXW/x/EmOn+WMwuCYE=
-13,-2,+TABel0AZM5/iBJPDJfHm9SkWKI=,vZHbGhyMVn3jlqJlllhAofiheP4=
-13,-5,+TABel0AZM5/iBJPDJfHm9SkWKI=,vZHbGhyMVn3jlqJlllhAofiheP4=
-12,-5,+TABel0AZM5/iBJPDJfHm9SkWKI=,5T60XlozfUXW/x/EmOn+WMwuCYE=
-12,-3,+TABel0AZM5/iBJPDJfHm9SkWKI=,5T60XlozfUXW/x/EmOn+WMwuCYE=
-13,-3,+TABel0AZM5/iBJPDJfHm9SkWKI=,vZHbGhyMVn3jlqJlllhAofiheP4=
-13,-4,6KalY6PzUS8qc1KYdRpwAxRtZps=,vZHbGhyMVn3jlqJlllhAofiheP4=
-12,-4,6KalY6PzUS8qc1KYdRpwAxRtZps=,5T60XlozfUXW/x/EmOn+WMwuCYE=
-14,-5,6KalY6PzUS8qc1KYdRpwAxRtZps=,vZHbGhyMVn3jlqJlllhAofiheP4=
-15,-5,6KalY6PzUS8qc1KYdRpwAxRtZps=,vZHbGhyMVn3jlqJlllhAofiheP4=
-15,-4,6KalY6PzUS8qc1KYdRpwAxRtZps=,vZHbGhyMVn3jlqJlllhAofiheP4=
-14,-3,6KalY6PzUS8qc1KYdRpwAxRtZps=,vZHbGhyMVn3jlqJlllhAofiheP4=
-15,-3,6KalY6PzUS8qc1KYdRpwAxRtZps=,vZHbGhyMVn3jlqJlllhAofiheP4=
-14,-2,6KalY6PzUS8qc1KYdRpwAxRtZps=,vZHbGhyMVn3jlqJlllhAofiheP4=
-10,-1,6KalY6PzUS8qc1KYdRpwAxRtZps=,7D87U+j3mIYaCbD0E3LAvXIMcd4=
-11,-1,6KalY6PzUS8qc1KYdRpwAxRtZps=,5T60XlozfUXW/x/EmOn+WMwuCYE=
-14,-4,6KalY6PzUS8qc1KYdRpwAxRtZps=,vZHbGhyMVn3jlqJlllhAofiheP4=
-15,-2,6KalY6PzUS8qc1KYdRpwAxRtZps=,dZSfwuVl5B98Pc1vEtRnD9D22vA=
-12,-1,6KalY6PzUS8qc1KYdRpwAxRtZps=,5T60XlozfUXW/x/EmOn+WMwuCYE=
-13,-1,6KalY6PzUS8qc1KYdRpwAxRtZps=,vZHbGhyMVn3jlqJlllhAofiheP4=
-14,-1,6KalY6PzUS8qc1KYdRpwAxRtZps=,vZHbGhyMVn3jlqJlllhAofiheP4=
-15,-1,6KalY6PzUS8qc1KYdRpwAxRtZps=,dZSfwuVl5B98Pc1vEtRnD9D22vA=
-16,-3,6KalY6PzUS8qc1KYdRpwAxRtZps=,vZHbGhyMVn3jlqJlllhAofiheP4=
-16,-2,6KalY6PzUS8qc1KYdRpwAxRtZps=,dZSfwuVl5B98Pc1vEtRnD9D22vA=
-16,-1,6KalY6PzUS8qc1KYdRpwAxRtZps=,dZSfwuVl5B98Pc1vEtRnD9D22vA=
-6,-16,7Se7MKyqHD7QUPgRouY2NkahO4g=,o6yOCUozGNXQ4U88CMAkkV6l0ig=
-7,-16,7Se7MKyqHD7QUPgRouY2NkahO4g=,V/zY1+0dmdYEZpYdGDGZXmT48ds=
-8,-16,7Se7MKyqHD7QUPgRouY2NkahO4g=,V/zY1+0dmdYEZpYdGDGZXmT48ds=
-4,-16,7Se7MKyqHD7QUPgRouY2NkahO4g=,o6yOCUozGNXQ4U88CMAkkV6l0ig=
-5,-16,7Se7MKyqHD7QUPgRouY2NkahO4g=,o6yOCUozGNXQ4U88CMAkkV6l0ig=
-9,-16,7Se7MKyqHD7QUPgRouY2NkahO4g=,V/zY1+0dmdYEZpYdGDGZXmT48ds=
-2,-16,7Se7MKyqHD7QUPgRouY2NkahO4g=,o6yOCUozGNXQ4U88CMAkkV6l0ig=
-1,-15,7Se7MKyqHD7QUPgRouY2NkahO4g=,o6yOCUozGNXQ4U88CMAkkV6l0ig=
-3,-16,7Se7MKyqHD7QUPgRouY2NkahO4g=,o6yOCUozGNXQ4U88CMAkkV6l0ig=
-1,-14,7Se7MKyqHD7QUPgRouY2NkahO4g=,upUkoUrqHxtXk3xgADlrqB74xsQ=
-1,-13,7Se7MKyqHD7QUPgRouY2NkahO4g=,upUkoUrqHxtXk3xgADlrqB74xsQ=
-1,-12,7Se7MKyqHD7QUPgRouY2NkahO4g=,upUkoUrqHxtXk3xgADlrqB74xsQ=
-1,-6,r+T+VkIqibAVRdgaiTJvo9ylH4s=,y72Owzk2AkuwgbaGUtqPnYNga1w=
-1,-7,r+T+VkIqibAVRdgaiTJvo9ylH4s=,miYGCD8UJAnFmi12M8FRKh81M2k=
-1,-8,r+T+VkIqibAVRdgaiTJvo9ylH4s=,miYGCD8UJAnFmi12M8FRKh81M2k=
-1,-10,r+T+VkIqibAVRdgaiTJvo9ylH4s=,upUkoUrqHxtXk3xgADlrqB74xsQ=
-1,-9,r+T+VkIqibAVRdgaiTJvo9ylH4s=,upUkoUrqHxtXk3xgADlrqB74xsQ=
-1,-11,r+T+VkIqibAVRdgaiTJvo9ylH4s=,upUkoUrqHxtXk3xgADlrqB74xsQ=
-10,-16,r+T+VkIqibAVRdgaiTJvo9ylH4s=,V/zY1+0dmdYEZpYdGDGZXmT48ds=
-12,-16,r+T+VkIqibAVRdgaiTJvo9ylH4s=,V/zY1+0dmdYEZpYdGDGZXmT48ds=
-11,-16,r+T+VkIqibAVRdgaiTJvo9ylH4s=,V/zY1+0dmdYEZpYdGDGZXmT48ds=
-13,-14,r+T+VkIqibAVRdgaiTJvo9ylH4s=,V/zY1+0dmdYEZpYdGDGZXmT48ds=
-11,-15,r+T+VkIqibAVRdgaiTJvo9ylH4s=,V/zY1+0dmdYEZpYdGDGZXmT48ds=
-12,-15,r+T+VkIqibAVRdgaiTJvo9ylH4s=,V/zY1+0dmdYEZpYdGDGZXmT48ds=
-11,-14,r+T+VkIqibAVRdgaiTJvo9ylH4s=,V/zY1+0dmdYEZpYdGDGZXmT48ds=
-12,-14,r+T+VkIqibAVRdgaiTJvo9ylH4s=,V/zY1+0dmdYEZpYdGDGZXmT48ds=
-10,-15,r+T+VkIqibAVRdgaiTJvo9ylH4s=,V/zY1+0dmdYEZpYdGDGZXmT48ds=
-10,-14,r+T+VkIqibAVRdgaiTJvo9ylH4s=,V/zY1+0dmdYEZpYdGDGZXmT48ds=
-10,-13,r+T+VkIqibAVRdgaiTJvo9ylH4s=,V/zY1+0dmdYEZpYdGDGZXmT48ds=
-12,-12,r+T+VkIqibAVRdgaiTJvo9ylH4s=,V/zY1+0dmdYEZpYdGDGZXmT48ds=
-1,-5,r+T+VkIqibAVRdgaiTJvo9ylH4s=,y72Owzk2AkuwgbaGUtqPnYNga1w=
-11,-12,r+T+VkIqibAVRdgaiTJvo9ylH4s=,V/zY1+0dmdYEZpYdGDGZXmT48ds=
-12,-11,r+T+VkIqibAVRdgaiTJvo9ylH4s=,V/zY1+0dmdYEZpYdGDGZXmT48ds=
-13,-10,r+T+VkIqibAVRdgaiTJvo9ylH4s=,V/zY1+0dmdYEZpYdGDGZXmT48ds=
-13,-13,r+T+VkIqibAVRdgaiTJvo9ylH4s=,V/zY1+0dmdYEZpYdGDGZXmT48ds=
-13,-11,r+T+VkIqibAVRdgaiTJvo9ylH4s=,V/zY1+0dmdYEZpYdGDGZXmT48ds=
-13,-12,r+T+VkIqibAVRdgaiTJvo9ylH4s=,V/zY1+0dmdYEZpYdGDGZXmT48ds=
-1,-4,ush87bvpskPOlAdXBFgdCUpPd6Q=,ymo41TWxRo5yE2XurQ8WeR52lrc=
-12,-13,ush87bvpskPOlAdXBFgdCUpPd6Q=,V/zY1+0dmdYEZpYdGDGZXmT48ds=
-12,-10,ush87bvpskPOlAdXBFgdCUpPd6Q=,V/zY1+0dmdYEZpYdGDGZXmT48ds=
-13,-6,ush87bvpskPOlAdXBFgdCUpPd6Q=,vZHbGhyMVn3jlqJlllhAofiheP4=
-11,-13,ush87bvpskPOlAdXBFgdCUpPd6Q=,V/zY1+0dmdYEZpYdGDGZXmT48ds=
-11,-10,ush87bvpskPOlAdXBFgdCUpPd6Q=,V/zY1+0dmdYEZpYdGDGZXmT48ds=
-12,-6,ush87bvpskPOlAdXBFgdCUpPd6Q=,5T60XlozfUXW/x/EmOn+WMwuCYE=
-10,-10,ush87bvpskPOlAdXBFgdCUpPd6Q=,V/zY1+0dmdYEZpYdGDGZXmT48ds=
-12,-8,ush87bvpskPOlAdXBFgdCUpPd6Q=,V/zY1+0dmdYEZpYdGDGZXmT48ds=
-10,-11,ush87bvpskPOlAdXBFgdCUpPd6Q=,V/zY1+0dmdYEZpYdGDGZXmT48ds=
-6,-6,ush87bvpskPOlAdXBFgdCUpPd6Q=,IETTUptgAel9X+siJpiG0DGXLkA=
-11,-11,ush87bvpskPOlAdXBFgdCUpPd6Q=,V/zY1+0dmdYEZpYdGDGZXmT48ds=
-14,-10,ush87bvpskPOlAdXBFgdCUpPd6Q=,V/zY1+0dmdYEZpYdGDGZXmT48ds=
-14,-11,ush87bvpskPOlAdXBFgdCUpPd6Q=,V/zY1+0dmdYEZpYdGDGZXmT48ds=
-14,-12,ush87bvpskPOlAdXBFgdCUpPd6Q=,V/zY1+0dmdYEZpYdGDGZXmT48ds=
-14,-13,ush87bvpskPOlAdXBFgdCUpPd6Q=,V/zY1+0dmdYEZpYdGDGZXmT48ds=
-14,-14,ush87bvpskPOlAdXBFgdCUpPd6Q=,V/zY1+0dmdYEZpYdGDGZXmT48ds=
-12,-7,ush87bvpskPOlAdXBFgdCUpPd6Q=,V/zY1+0dmdYEZpYdGDGZXmT48ds=
-7,-6,ush87bvpskPOlAdXBFgdCUpPd6Q=,o6yOCUozGNXQ4U88CMAkkV6l0ig=
-12,-9,ush87bvpskPOlAdXBFgdCUpPd6Q=,V/zY1+0dmdYEZpYdGDGZXmT48ds=
-13,-9,ush87bvpskPOlAdXBFgdCUpPd6Q=,V/zY1+0dmdYEZpYdGDGZXmT48ds=
-14,-6,ush87bvpskPOlAdXBFgdCUpPd6Q=,vZHbGhyMVn3jlqJlllhAofiheP4=
-14,-9,ush87bvpskPOlAdXBFgdCUpPd6Q=,V/zY1+0dmdYEZpYdGDGZXmT48ds=
-6,-9,ush87bvpskPOlAdXBFgdCUpPd6Q=,dcXzyARb7buRtPJ2spO8Te6uDGM=
-15,-6,ush87bvpskPOlAdXBFgdCUpPd6Q=,vZHbGhyMVn3jlqJlllhAofiheP4=
-7,-9,ush87bvpskPOlAdXBFgdCUpPd6Q=,V/zY1+0dmdYEZpYdGDGZXmT48ds=
-7,-7,ush87bvpskPOlAdXBFgdCUpPd6Q=,o6yOCUozGNXQ4U88CMAkkV6l0ig=
-10,-12,ush87bvpskPOlAdXBFgdCUpPd6Q=,V/zY1+0dmdYEZpYdGDGZXmT48ds=
-10,-8,ush87bvpskPOlAdXBFgdCUpPd6Q=,V/zY1+0dmdYEZpYdGDGZXmT48ds=
-10,-6,ush87bvpskPOlAdXBFgdCUpPd6Q=,7D87U+j3mIYaCbD0E3LAvXIMcd4=
-11,-6,ush87bvpskPOlAdXBFgdCUpPd6Q=,5T60XlozfUXW/x/EmOn+WMwuCYE=
-10,-7,ush87bvpskPOlAdXBFgdCUpPd6Q=,V/zY1+0dmdYEZpYdGDGZXmT48ds=
-11,-8,ush87bvpskPOlAdXBFgdCUpPd6Q=,V/zY1+0dmdYEZpYdGDGZXmT48ds=
-8,-7,ush87bvpskPOlAdXBFgdCUpPd6Q=,o6yOCUozGNXQ4U88CMAkkV6l0ig=
-9,-7,ush87bvpskPOlAdXBFgdCUpPd6Q=,V/zY1+0dmdYEZpYdGDGZXmT48ds=
-11,-7,ush87bvpskPOlAdXBFgdCUpPd6Q=,V/zY1+0dmdYEZpYdGDGZXmT48ds=
-11,-9,ush87bvpskPOlAdXBFgdCUpPd6Q=,V/zY1+0dmdYEZpYdGDGZXmT48ds=
-8,-6,ush87bvpskPOlAdXBFgdCUpPd6Q=,o6yOCUozGNXQ4U88CMAkkV6l0ig=
-10,-9,ush87bvpskPOlAdXBFgdCUpPd6Q=,V/zY1+0dmdYEZpYdGDGZXmT48ds=
-6,-8,ush87bvpskPOlAdXBFgdCUpPd6Q=,dcXzyARb7buRtPJ2spO8Te6uDGM=
-9,-6,ush87bvpskPOlAdXBFgdCUpPd6Q=,7D87U+j3mIYaCbD0E3LAvXIMcd4=
-9,-8,ush87bvpskPOlAdXBFgdCUpPd6Q=,V/zY1+0dmdYEZpYdGDGZXmT48ds=
-8,-8,ush87bvpskPOlAdXBFgdCUpPd6Q=,o6yOCUozGNXQ4U88CMAkkV6l0ig=
-6,-7,ush87bvpskPOlAdXBFgdCUpPd6Q=,dcXzyARb7buRtPJ2spO8Te6uDGM=
-7,-8,ush87bvpskPOlAdXBFgdCUpPd6Q=,o6yOCUozGNXQ4U88CMAkkV6l0ig=
-9,-9,ush87bvpskPOlAdXBFgdCUpPd6Q=,V/zY1+0dmdYEZpYdGDGZXmT48ds=
-8,-9,ush87bvpskPOlAdXBFgdCUpPd6Q=,V/zY1+0dmdYEZpYdGDGZXmT48ds=
-1,-16,ush87bvpskPOlAdXBFgdCUpPd6Q=,o6yOCUozGNXQ4U88CMAkkV6l0ig=
-16,-6,ush87bvpskPOlAdXBFgdCUpPd6Q=,vZHbGhyMVn3jlqJlllhAofiheP4=
-16,-5,ush87bvpskPOlAdXBFgdCUpPd6Q=,vZHbGhyMVn3jlqJlllhAofiheP4=
-16,-4,ush87bvpskPOlAdXBFgdCUpPd6Q=,vZHbGhyMVn3jlqJlllhAofiheP4=
-3,-1,ush87bvpskPOlAdXBFgdCUpPd6Q=,rZJz7/BVrT4h7gQEUW4U1M3xnfc=
-1,-3,ush87bvpskPOlAdXBFgdCUpPd6Q=,ymo41TWxRo5yE2XurQ8WeR52lrc=
-1,-2,ush87bvpskPOlAdXBFgdCUpPd6Q=,ymo41TWxRo5yE2XurQ8WeR52lrc=
-1,-1,ush87bvpskPOlAdXBFgdCUpPd6Q=,ymo41TWxRo5yE2XurQ8WeR52lrc=
-2,-1,ush87bvpskPOlAdXBFgdCUpPd6Q=,ymo41TWxRo5yE2XurQ8WeR52lrc=
-9,-19,AnimvsV612Qg3BKjdd7DMvSIiIY=,V/zY1+0dmdYEZpYdGDGZXmT48ds=
-9,-18,AnimvsV612Qg3BKjdd7DMvSIiIY=,V/zY1+0dmdYEZpYdGDGZXmT48ds=
-8,-19,JyMeYi3vyoUdy30cHlSCSBD+iaA=,V/zY1+0dmdYEZpYdGDGZXmT48ds=
-8,-18,JyMeYi3vyoUdy30cHlSCSBD+iaA=,V/zY1+0dmdYEZpYdGDGZXmT48ds=
-7,-21,JyMeYi3vyoUdy30cHlSCSBD+iaA=,V/zY1+0dmdYEZpYdGDGZXmT48ds=
-6,-21,JyMeYi3vyoUdy30cHlSCSBD+iaA=,o6yOCUozGNXQ4U88CMAkkV6l0ig=
-6,-20,JyMeYi3vyoUdy30cHlSCSBD+iaA=,o6yOCUozGNXQ4U88CMAkkV6l0ig=
-7,-20,JyMeYi3vyoUdy30cHlSCSBD+iaA=,V/zY1+0dmdYEZpYdGDGZXmT48ds=
-7,-18,JyMeYi3vyoUdy30cHlSCSBD+iaA=,V/zY1+0dmdYEZpYdGDGZXmT48ds=
-7,-19,QFFRGmrPi/dWtYy0efnOgJ0lWW4=,V/zY1+0dmdYEZpYdGDGZXmT48ds=
-6,-18,QFFRGmrPi/dWtYy0efnOgJ0lWW4=,o6yOCUozGNXQ4U88CMAkkV6l0ig=
-6,-19,QFFRGmrPi/dWtYy0efnOgJ0lWW4=,o6yOCUozGNXQ4U88CMAkkV6l0ig=
-4,-21,QFFRGmrPi/dWtYy0efnOgJ0lWW4=,o6yOCUozGNXQ4U88CMAkkV6l0ig=
-5,-21,QFFRGmrPi/dWtYy0efnOgJ0lWW4=,o6yOCUozGNXQ4U88CMAkkV6l0ig=
-5,-20,QFFRGmrPi/dWtYy0efnOgJ0lWW4=,o6yOCUozGNXQ4U88CMAkkV6l0ig=
-4,-20,QFFRGmrPi/dWtYy0efnOgJ0lWW4=,o6yOCUozGNXQ4U88CMAkkV6l0ig=
-4,-18,QFFRGmrPi/dWtYy0efnOgJ0lWW4=,o6yOCUozGNXQ4U88CMAkkV6l0ig=
-4,-19,QFFRGmrPi/dWtYy0efnOgJ0lWW4=,o6yOCUozGNXQ4U88CMAkkV6l0ig=
-5,-19,QFFRGmrPi/dWtYy0efnOgJ0lWW4=,o6yOCUozGNXQ4U88CMAkkV6l0ig=
-5,-18,4guxtwe2hO1RDYM6TViwAY82lFk=,o6yOCUozGNXQ4U88CMAkkV6l0ig=
-3,-21,4guxtwe2hO1RDYM6TViwAY82lFk=,o6yOCUozGNXQ4U88CMAkkV6l0ig=
-2,-20,4guxtwe2hO1RDYM6TViwAY82lFk=,o6yOCUozGNXQ4U88CMAkkV6l0ig=
-2,-21,4guxtwe2hO1RDYM6TViwAY82lFk=,o6yOCUozGNXQ4U88CMAkkV6l0ig=
-3,-20,4guxtwe2hO1RDYM6TViwAY82lFk=,o6yOCUozGNXQ4U88CMAkkV6l0ig=
-2,-19,4guxtwe2hO1RDYM6TViwAY82lFk=,o6yOCUozGNXQ4U88CMAkkV6l0ig=
-4,-23,4guxtwe2hO1RDYM6TViwAY82lFk=,o6yOCUozGNXQ4U88CMAkkV6l0ig=
-5,-22,4guxtwe2hO1RDYM6TViwAY82lFk=,o6yOCUozGNXQ4U88CMAkkV6l0ig=
-3,-23,4guxtwe2hO1RDYM6TViwAY82lFk=,o6yOCUozGNXQ4U88CMAkkV6l0ig=
-3,-24,4guxtwe2hO1RDYM6TViwAY82lFk=,o6yOCUozGNXQ4U88CMAkkV6l0ig=
-2,-24,4guxtwe2hO1RDYM6TViwAY82lFk=,o6yOCUozGNXQ4U88CMAkkV6l0ig=
-5,-23,4guxtwe2hO1RDYM6TViwAY82lFk=,o6yOCUozGNXQ4U88CMAkkV6l0ig=
-3,-22,4guxtwe2hO1RDYM6TViwAY82lFk=,o6yOCUozGNXQ4U88CMAkkV6l0ig=
-2,-23,4guxtwe2hO1RDYM6TViwAY82lFk=,o6yOCUozGNXQ4U88CMAkkV6l0ig=
-4,-22,4guxtwe2hO1RDYM6TViwAY82lFk=,o6yOCUozGNXQ4U88CMAkkV6l0ig=
-3,-19,4guxtwe2hO1RDYM6TViwAY82lFk=,o6yOCUozGNXQ4U88CMAkkV6l0ig=
-2,-18,4guxtwe2hO1RDYM6TViwAY82lFk=,o6yOCUozGNXQ4U88CMAkkV6l0ig=
-3,-18,4guxtwe2hO1RDYM6TViwAY82lFk=,o6yOCUozGNXQ4U88CMAkkV6l0ig=
-2,-22,4guxtwe2hO1RDYM6TViwAY82lFk=,o6yOCUozGNXQ4U88CMAkkV6l0ig=
-1,-18,s6uB0n/uwDa2KQSvw1MHMl2qhcw=,o6yOCUozGNXQ4U88CMAkkV6l0ig=
-1,-19,s6uB0n/uwDa2KQSvw1MHMl2qhcw=,o6yOCUozGNXQ4U88CMAkkV6l0ig=
-1,-24,s6uB0n/uwDa2KQSvw1MHMl2qhcw=,o6yOCUozGNXQ4U88CMAkkV6l0ig=
-9,-21,s6uB0n/uwDa2KQSvw1MHMl2qhcw=,V/zY1+0dmdYEZpYdGDGZXmT48ds=
-2,-17,s6uB0n/uwDa2KQSvw1MHMl2qhcw=,o6yOCUozGNXQ4U88CMAkkV6l0ig=
-9,-20,s6uB0n/uwDa2KQSvw1MHMl2qhcw=,V/zY1+0dmdYEZpYdGDGZXmT48ds=
-8,-21,s6uB0n/uwDa2KQSvw1MHMl2qhcw=,V/zY1+0dmdYEZpYdGDGZXmT48ds=
-8,-20,s6uB0n/uwDa2KQSvw1MHMl2qhcw=,V/zY1+0dmdYEZpYdGDGZXmT48ds=
-3,-17,s6uB0n/uwDa2KQSvw1MHMl2qhcw=,o6yOCUozGNXQ4U88CMAkkV6l0ig=
-4,-24,s6uB0n/uwDa2KQSvw1MHMl2qhcw=,o6yOCUozGNXQ4U88CMAkkV6l0ig=
-5,-24,s6uB0n/uwDa2KQSvw1MHMl2qhcw=,o6yOCUozGNXQ4U88CMAkkV6l0ig=
-10,-18,s6uB0n/uwDa2KQSvw1MHMl2qhcw=,V/zY1+0dmdYEZpYdGDGZXmT48ds=
-10,-19,s6uB0n/uwDa2KQSvw1MHMl2qhcw=,V/zY1+0dmdYEZpYdGDGZXmT48ds=
-10,-21,s6uB0n/uwDa2KQSvw1MHMl2qhcw=,V/zY1+0dmdYEZpYdGDGZXmT48ds=
-10,-20,s6uB0n/uwDa2KQSvw1MHMl2qhcw=,V/zY1+0dmdYEZpYdGDGZXmT48ds=
-10,-22,s6uB0n/uwDa2KQSvw1MHMl2qhcw=,V/zY1+0dmdYEZpYdGDGZXmT48ds=
-1,-23,s6uB0n/uwDa2KQSvw1MHMl2qhcw=,o6yOCUozGNXQ4U88CMAkkV6l0ig=
-4,-17,s6uB0n/uwDa2KQSvw1MHMl2qhcw=,o6yOCUozGNXQ4U88CMAkkV6l0ig=
-10,-17,s6uB0n/uwDa2KQSvw1MHMl2qhcw=,V/zY1+0dmdYEZpYdGDGZXmT48ds=
-1,-22,s6uB0n/uwDa2KQSvw1MHMl2qhcw=,o6yOCUozGNXQ4U88CMAkkV6l0ig=
-7,-17,s6uB0n/uwDa2KQSvw1MHMl2qhcw=,V/zY1+0dmdYEZpYdGDGZXmT48ds=
-6,-24,s6uB0n/uwDa2KQSvw1MHMl2qhcw=,o6yOCUozGNXQ4U88CMAkkV6l0ig=
-8,-22,s6uB0n/uwDa2KQSvw1MHMl2qhcw=,V/zY1+0dmdYEZpYdGDGZXmT48ds=
-9,-22,s6uB0n/uwDa2KQSvw1MHMl2qhcw=,V/zY1+0dmdYEZpYdGDGZXmT48ds=
-8,-23,s6uB0n/uwDa2KQSvw1MHMl2qhcw=,V/zY1+0dmdYEZpYdGDGZXmT48ds=
-7,-24,s6uB0n/uwDa2KQSvw1MHMl2qhcw=,V/zY1+0dmdYEZpYdGDGZXmT48ds=
-7,-23,s6uB0n/uwDa2KQSvw1MHMl2qhcw=,V/zY1+0dmdYEZpYdGDGZXmT48ds=
-6,-23,s6uB0n/uwDa2KQSvw1MHMl2qhcw=,o6yOCUozGNXQ4U88CMAkkV6l0ig=
-8,-24,s6uB0n/uwDa2KQSvw1MHMl2qhcw=,V/zY1+0dmdYEZpYdGDGZXmT48ds=
-6,-17,s6uB0n/uwDa2KQSvw1MHMl2qhcw=,o6yOCUozGNXQ4U88CMAkkV6l0ig=
-1,-17,s6uB0n/uwDa2KQSvw1MHMl2qhcw=,o6yOCUozGNXQ4U88CMAkkV6l0ig=
-9,-17,s6uB0n/uwDa2KQSvw1MHMl2qhcw=,V/zY1+0dmdYEZpYdGDGZXmT48ds=
-1,-21,s6uB0n/uwDa2KQSvw1MHMl2qhcw=,o6yOCUozGNXQ4U88CMAkkV6l0ig=
-7,-22,s6uB0n/uwDa2KQSvw1MHMl2qhcw=,V/zY1+0dmdYEZpYdGDGZXmT48ds=
-6,-22,s6uB0n/uwDa2KQSvw1MHMl2qhcw=,o6yOCUozGNXQ4U88CMAkkV6l0ig=
-1,-20,s6uB0n/uwDa2KQSvw1MHMl2qhcw=,o6yOCUozGNXQ4U88CMAkkV6l0ig=
-5,-17,s6uB0n/uwDa2KQSvw1MHMl2qhcw=,o6yOCUozGNXQ4U88CMAkkV6l0ig=
-8,-17,s6uB0n/uwDa2KQSvw1MHMl2qhcw=,V/zY1+0dmdYEZpYdGDGZXmT48ds=
-19,-2,quiQSBx9TDhN1WoLyrqdLDG7cAM=,dZSfwuVl5B98Pc1vEtRnD9D22vA=
-19,-3,quiQSBx9TDhN1WoLyrqdLDG7cAM=,vZHbGhyMVn3jlqJlllhAofiheP4=
-18,-2,quiQSBx9TDhN1WoLyrqdLDG7cAM=,AeE4baFQ/P5oa18t8aGZceczKT8=
-18,-3,quiQSBx9TDhN1WoLyrqdLDG7cAM=,vZHbGhyMVn3jlqJlllhAofiheP4=
-21,-3,quiQSBx9TDhN1WoLyrqdLDG7cAM=,cV2u2MhGHnL1J+eXv+mnaG/GMto=
-22,-2,quiQSBx9TDhN1WoLyrqdLDG7cAM=,5T60XlozfUXW/x/EmOn+WMwuCYE=
-21,-2,quiQSBx9TDhN1WoLyrqdLDG7cAM=,5T60XlozfUXW/x/EmOn+WMwuCYE=
-20,-3,quiQSBx9TDhN1WoLyrqdLDG7cAM=,vZHbGhyMVn3jlqJlllhAofiheP4=
-20,-2,quiQSBx9TDhN1WoLyrqdLDG7cAM=,dZSfwuVl5B98Pc1vEtRnD9D22vA=
-23,-2,quiQSBx9TDhN1WoLyrqdLDG7cAM=,5T60XlozfUXW/x/EmOn+WMwuCYE=
-22,-3,quiQSBx9TDhN1WoLyrqdLDG7cAM=,cV2u2MhGHnL1J+eXv+mnaG/GMto=
-19,-5,quiQSBx9TDhN1WoLyrqdLDG7cAM=,vZHbGhyMVn3jlqJlllhAofiheP4=
-19,-4,quiQSBx9TDhN1WoLyrqdLDG7cAM=,vZHbGhyMVn3jlqJlllhAofiheP4=
-18,-4,quiQSBx9TDhN1WoLyrqdLDG7cAM=,vZHbGhyMVn3jlqJlllhAofiheP4=
-18,-5,quiQSBx9TDhN1WoLyrqdLDG7cAM=,vZHbGhyMVn3jlqJlllhAofiheP4=
-22,-1,quiQSBx9TDhN1WoLyrqdLDG7cAM=,5T60XlozfUXW/x/EmOn+WMwuCYE=
-23,-1,quiQSBx9TDhN1WoLyrqdLDG7cAM=,5T60XlozfUXW/x/EmOn+WMwuCYE=
-17,-6,quiQSBx9TDhN1WoLyrqdLDG7cAM=,vZHbGhyMVn3jlqJlllhAofiheP4=
-17,-5,quiQSBx9TDhN1WoLyrqdLDG7cAM=,vZHbGhyMVn3jlqJlllhAofiheP4=
-17,-4,quiQSBx9TDhN1WoLyrqdLDG7cAM=,vZHbGhyMVn3jlqJlllhAofiheP4=
-24,-1,quiQSBx9TDhN1WoLyrqdLDG7cAM=,5T60XlozfUXW/x/EmOn+WMwuCYE=
-24,-2,quiQSBx9TDhN1WoLyrqdLDG7cAM=,5T60XlozfUXW/x/EmOn+WMwuCYE=
-20,-5,quiQSBx9TDhN1WoLyrqdLDG7cAM=,vZHbGhyMVn3jlqJlllhAofiheP4=
-20,-4,quiQSBx9TDhN1WoLyrqdLDG7cAM=,vZHbGhyMVn3jlqJlllhAofiheP4=
-21,-4,quiQSBx9TDhN1WoLyrqdLDG7cAM=,cV2u2MhGHnL1J+eXv+mnaG/GMto=
-20,-6,quiQSBx9TDhN1WoLyrqdLDG7cAM=,vZHbGhyMVn3jlqJlllhAofiheP4=
-19,-6,quiQSBx9TDhN1WoLyrqdLDG7cAM=,vZHbGhyMVn3jlqJlllhAofiheP4=
-18,-6,quiQSBx9TDhN1WoLyrqdLDG7cAM=,vZHbGhyMVn3jlqJlllhAofiheP4=
-17,-1,Hz6QdT/xmPsBguowRk80pAYR9XQ=,AeE4baFQ/P5oa18t8aGZceczKT8=
-20,-1,Hz6QdT/xmPsBguowRk80pAYR9XQ=,dZSfwuVl5B98Pc1vEtRnD9D22vA=
-17,-2,Hz6QdT/xmPsBguowRk80pAYR9XQ=,AeE4baFQ/P5oa18t8aGZceczKT8=
-19,-1,Hz6QdT/xmPsBguowRk80pAYR9XQ=,dZSfwuVl5B98Pc1vEtRnD9D22vA=
-21,-1,Hz6QdT/xmPsBguowRk80pAYR9XQ=,5T60XlozfUXW/x/EmOn+WMwuCYE=
-17,-3,Hz6QdT/xmPsBguowRk80pAYR9XQ=,vZHbGhyMVn3jlqJlllhAofiheP4=
-18,-1,Hz6QdT/xmPsBguowRk80pAYR9XQ=,AeE4baFQ/P5oa18t8aGZceczKT8=
